	initial_num	A_reply	B_like	C_keyword	D_similarity	score	comment
0	1	1.0	1.0	0.0	0.7	2.7	무엇 때문 인지 , 이번 대통령님의 임기가 참 길게 느껴집니다.
1	2	0.40568387108221293	0.8369497265565801	0.5037599668134835	0.7445804187594514	2.4909739832117275	민노총집회후 늘었는데 민노총관련확진자 분류하여 발표안하는이정권 이해가안된다 정부는 민노총관련확진자 발표하라
2	3	0.7185650207899779	0.8354259654801456	0.4296457775136118	0.8798863562983574	2.8635231200820925	3단계로 해라 진짜 스트레스받는다
3	4	0.5943161289177871	0.7799931035873023	0.18613239270893675	0.5571355310873648	2.1175771563013908	외식쿠폰.숙박쿠폰등..공무원들 회식.모임등.. 무능한 정부. 맨날 나라 분열만 조장하는 정부..꼴통 문빠들..
4	5	0.2559580248098155	0.7044742331066863	0.26051095789375545	0.15491933384829668	1.375862549658554	문재인  진짜 아낌없이 주는 나무네 중국은 혈장검사 검사2회 실시 조치하는데 우리나라는 아무런 조치도 안하고 무료로 치료비 내줌 그리고 7일연속 100명 갔을때 1.5든 2단계 올렸어야지 에효
5	6	0.0	0.5939140243708191	0.21193490301154463	0.5184592558726289	1.3243081832549926	곧 1000명대가 코앞인데 추미애는 검란이나 일으키고 문재인은 중국신하에게 굽신거리기나하고 백신은없고 민노총집회는 허가해주고... 나라꼴 잘 돌아간다.
6	7	0.0	0.5624195296850933	0.24083273027711236	0.05	0.8532522599622058	메르스사태때 문재인 대통령은 뭐라했나?무능한 정권이라고 안했나?그렇케 비판하던 전정권을 본인은 더 심하게 치르고있다.메르스때 국민들이 마스크 얼마나 쓰고다녔나?메르스때 초기에만 병실문제 삼성병원 사태빼곤 조용했다.이동병원이 수시로 다니면서환자파악했다.그리고 이맘때쯤에는 사망자.감염자.퇴원하는사람들 전부 줄어들었다.메르스때 3차감염이란 말이 있었던가?일년쯤전에 바이러스 환자는 줄고 퇴원만했다.사망자는 지금의 몇배나 줄었다.문재인 정권은 재앙이다.빚잔치로 사업만 넖히는분이 예전두정권보다 사업비가 혼자 더많게쓰고계신다.그런분이누굴욕하나
7	8	0.2559580248098155	0.5051901939485908	0.2825224584436712	0.17146428199482247	1.2151349591968998	대구때는 진짜 사람이 없을정도..번화가도 횡햇었는데..서울 경기 수도권 번화가 나가봐 ..젊은이들 아주바글바글..참네..진짜 개념없는 젊은애들투성이 드라
8	9	0.0	0.4141899087531195	0.4747693058628697	0.24738633753705963	1.136345552153049	다들 K방역이라 부르시던데  이제는 T(대구)방역이라 부르시는게 정답입니다.  @@@코로나 청정도시 대구 화이팅!!!!!!
9	10	0.0	0.4025589472428201	0.5980401105301504	0.1562049935181331	1.1568040512911035	민주노총 집회관련 확진자 언급은 없네.
10	11	0.2559580248098155	0.38999655179365117	0.16606152948896602	0.0	0.8120161060924327	결국 사태의 원인은 행정부에서 책임을 지는 것이 맞는 겁니다 . 최종 책임의 주체는 정부가 되는 것이 맞는 것입니다. 행정부의 수장을 국민들이 뽑는 것은 그 만한 책임 과 권리를 위임한 것이기에 바이러스와 같은 우발적인 사태라 하더라도 그에 따른 대응을 해야하는 의무는 정부에 있고 이를 이행하지 못하고 실패하게 된다면 국민들은 이에 대해 비판할 권리가 있는 것입니다 현정부를 지지하는 사람들이라도 정권에서 잘못하고 있다면 무조건적으로 감싸는것이 아니라 적절한 비판을 해야 경각심을 가지고 정부에서 반응을 보이고 대처를 할것입니다
11	12	0.0	0.4025589472428201	0.2001585562705486	0.48733971724044817	1.0900572207538168	네글자로 설명해준다. 방.역.실.패. 전세계적으로 이렇게 국민 의식과 참여율이 높은 나라가 없는데 자영업자들고 다죽이고 방역도 실패함
12	13	0.0	0.3763404504686102	0.4305952721026016	0.8832893070789434	1.690225029650155	3단계로해서라도 빨리 끝나길~~~
13	14	0.0	0.3763404504686102	0.0	0.7834538914320357	1.1597943419006458	식당 가지말고 일 마치면 집에 바로 갑시다
14	15	0.0	0.3613818839253999	0.4975164339209408	0.22271057451320087	1.0816088923595415	오잉 오늘 대구 한명도 안나왔네 ㅋㅋㅋ 이제 서울 경기가 대구보다 더많이 나오네 음...
15	16	0.2559580248098155	0.32636036085331344	0.5896512678250484	0.059160797830996155	1.2311304513191734	보수꼴통 집회 관련 확진자는 집요하게 통계내더만 어째 민노총 집회 확진자는 일언반구도 없나??
16	17	0.0	0.32636036085331344	0.38955813019372026	0.2258317958127243	0.941750286859758	적어도 수도권은 2.5 단계 이상 격상해야 하고 타지역도 2단계로는 올려야 맞다고 생각하네요.
17	18	0.0	0.2812097648425467	0.40950017964439156	0.12489995996796796	0.8156099044549062	그동안  검사 안하던걸 왜? 이제사 검사수 늘리고 확진자 늘리지? 광화문 집회에 성난 민심 못오게 트릭 쓰는 느낌. 나만 그럴까?
18	19	0.0	0.3448459557828844	0.0	0.6066300355241241	0.9514759913070086	찹찹하지만 대한민국에 답이 있나싶다.. 갈수록 살기 힘들어지노 다들 마지못해 살기에 후
19	20	0.0	0.2525950969742954	0.4250844539911907	0.09949874371066199	0.7771782946761481	3단계로 격상시켜 코로나확산을 조금이라도 막는 노력이 필요합니다.확진자가 많아지면 경제는 더 안좋아집니다.제발 격상시켜 주십시요.긴급재난금 적국민지원으로 매도 하지 마시고 격상으로 인한 피해 소상공인에게 지원합시다.제발~~~~~
20	21	0.0	0.2525950969742954	0.0	0.6745368781616021	0.9271319751358975	문통 이쯩되면 한마디 해야하는거 아녀?  곧 종식된다고  설레발 치더니만~^^
21	22	0.0	0.2525950969742954	0.4248006850618334	0.14730919862656236	0.824704980662691	해외도 안막고 중국은 우리나라 사람한테 혈장검사 검사2회 실시하는데 우리는 중국인 무료검사 ㅋ 참 잘도 돌아간다 그리고 7일연속 100명 넘어갔을때 1.5  2단계 갔었어야지 그리고 코로나 끝나면 문재인 심판해라 왜 해외는 안막았으며 강력한 조치는 안하는지 ㅉㅉ
22	23	0.0	0.21757357390220894	0.3531514991910162	0.21213203435596428	0.7828571074491895	천안사는데요 두정동이라는 먹자골목이있습니다. 어제밤이에갔는데 코로나가 하루확진자가 1000명이 안나오는게 이상할정도였습니다. 젊은친구들 마스크는 턱에만 걸치고 여기저기 담배피우고 서로 껴안고 뭐 난리도 아니더라구요 곧 1000명찍지않을까 예상합니다. 정신차립시다 순간의 욕구때문에 지치는 시간만 길어집니다. 코로나 극복은 정부가 하는게 아닌 우리스스로가 만드는겁니다.
23	24	0.0	0.21757357390220894	0.37414178061666375	0.042426406871192854	0.6341417613900655	정부는 코로나 끝날까봐 더 두려워하는 것 같다 국민들 목숨이 달렸는데 백신 확보도 가격 조절한다면서 배짱 부리지 않나 확진자가 매일 500명 넘어서는데도 거리두기 단계 조정의지도 않보인다 그냥 계속 이런 공황상태로 집회도 못하고 정권 유지하려나 보다 예전 보수들은 불안하면 빨갱이탓 반공 부르짖었는데 좌파들은 그걸 그대로 보고 배워 코로나로 정치 참 쉽게 하는 것 같다
24	25	0.0	0.2525950969742954	0.5040747445126842	0.19442222095223582	0.9510920624392154	이와중에 대구만 확진자 없음~~대단한 시민의식
25	26	0.0	0.1724229778914422	0.4067475560513071	0.5738466694161429	1.1530172033588921	이번에는  전국확산된 코로나 감염자들  민노총에 핑계도  못대고  완전 쩔쩔매고 있는  문통정부   ㅋ  ㅋ
26	27	0.0	0.1724229778914422	0.5604041800091839	0.1816590212458495	0.9144861791464757	민노총   집회 창가자  확진자  몇명인지  말해라
27	28	0.0	0.1724229778914422	0.566267813165015	0.0	0.7386907910564572	급한대로 서울 경기 두 지역만 집중관리하면 안 됩니까? 인천도 확진자들 보면 다 서울 경기 확진자 접촉으로 나오던데...
28	29	0.0	0.1724229778914422	0.17798106750569878	0.14832396974191325	0.49872801513905424	이번 3차 대유행은 할로윈의 영향같다. 시기도 할로윈 끝나고 몇주 안지났고, 젊은 층을 중심으로 유행하니까 거기에 아이들도 감염되는 거 보니까.. 할로윈이 원인인 거 같다.
29	30	0.0	0.1724229778914422	0.23155316416585578	0.5051732376126036	0.9091493796699015	대통령 비서실장 노영민 말씀 하시길  : 여러분 전국에서 몰려 오는 민노총 살인자들 때문 입니다.
30	31	0.0	0.1724229778914422	0.35080430834989856	0.8342661445845685	1.3574934308259092	좋은 말 할때 3단계로 올려라
31	32	0.0	0.1724229778914422	1.0	0.9133454987024351	2.085768476593877	코로나공포정치
32	33	0.0	0.1724229778914422	0.6342524186903653	0.13638181696985854	0.943057213551666	민노총집회 허가하는이정부하곤 민노총 확진자 발표해라
33	34	0.0	0.1724229778914422	0.0	0.8449852069711044	1.0174081848625465	민노총 집회 왜 안막냐 하....
34	35	0.0	0.21757357390220894	0.0	0.7776888838089432	0.9952624577111522	대통령은 어케 말한마디도 없을까요 ㅋㅋㅋ
35	36	0.2559580248098155	0.21757357390220894	0.24305271647421606	0.7457211275000863	1.462305442686327	정부가 이지경으로 만든거지 누굴 탓하겠냐 ㅋㅋ
36	37	0.40568387108221293	0.21757357390220894	0.3684377327034298	0.5201922721455982	1.5118874498334498	그렇게 전문가들이 겨울에 코로나 폭팔한다고 얘기해고 대비해야 한다고 했는데 말을 들어처먹어야지 문재인
37	38	0.2559580248098155	0.21757357390220894	0.0	0.7948584779695063	1.2683900766815306	쫌 모이지 말라면 모이지 말면 않되나? ㅎㅎㅎ
38	39	0.0	0.10878678695110447	0.16556129977646367	0.4560701700396552	0.7304182567672234	3단계를 쉽게 말하는 분들아. 식당 카페 PC방 등 수 많은 자영업자 생계는 생각을 안 하시네. 너무 자기중심적이다.
39	40	0.0	0.10878678695110447	0.0	0.8798863562983574	0.9886731432494619	죽을일먼남았네
40	41	0.0	0.10878678695110447	0.6637139126310114	0.34467375879228174	1.1171744583743977	서울 ㅡ대구 욕하더만 ~~이제는  서울느그 우짜노코로나 너희집 대문앞대기중이내 ㅋㅋ
41	42	0.0	0.10878678695110447	0.3154486791951261	0.592452529743945	1.0166879958901756	전국으로 확대하라고 지금 수도권만 문제냐? 이동제한도 아닌데 수도권만 올린다고 참이나 잡히겠다~~~
42	43	0.0	0.10878678695110447	0.20910043994687197	0.7497332859090625	1.0676205128070388	정부는 이렇게 늘어나는데도 관심도 없고..
43	44	0.0	0.10878678695110447	0.0	0.5582114294781145	0.666998216429219	아 걱정 하덜덜마~~~~! 우리 나랏님이 다~!~~ 지켜주실팅께!! 이게 다 우리를 위해서 하는 것이여~~~!!
44	45	0.0	0.10878678695110447	0.0	0.744983221287567	0.8537700082386714	800명 가즈아!!!!!!!!!!!  700오바에  올인 ㅋㅋㅋㅋㅋㅋ
45	46	0.0	0.10878678695110447	0.13848773790387275	0.4469899327725402	0.6942644576275174	친중 대깨문들은 백신 급하니까 중국제라도 도입하자로 여론몰이 하겠지. 어쩐지 화이자 모더나 백신 확보에  관심 없더라.
46	47	0.0	0.10878678695110447	0.2544586088434939	0.7689603370785778	1.1322057328731763	전국으로 퍼지는거 보니까ㅜ민노총 애들맞네
47	48	0.0	0.10878678695110447	0.3219084531412653	0.21540659228538014	0.64610183237775	코로나는 심해지는데 이 쓰레기 정부와 기사는 온통 추미애 윤석열 기사뿐이고 문재인은 아무런 말이 없구나!! 박근혜나 이명박이나 문재인이나 다 똑같은 인간들이자뭐~~~
48	49	0.2559580248098155	0.10878678695110447	0.32095720888543944	0.36986484017813853	1.055566860824498	이번 주말이 고비라네요.수도권 주말전에 2.5단계 격상갑시다.
49	50	0.0	0.10878678695110447	0.29927408511729	0.7683749084919418	1.1764357805603363	이와중에 해외는 계속들어오고 난리도아니다
50	51	0.0	0.10878678695110447	0.0	0.5460769176590419	0.6548637046101463	ㅋㅋㅋㅋㅋㅋㅋ 역대 최고의 빙47838신 세대인 2030이랑 민주노총이 한건 제대로 했구만
51	52	0.0	0.1724229778914422	0.36548625631490916	0.458257569495584	0.9961668037019353	정부 진짜 뭐하냐!!! 전국 2단계 해야지!!!주말이라고 답답하다고 죄다 돌아다닐껀데 수도권만 한다고 될일이냐!!!!
52	53	0.0	0.0	0.4690642234513215	0.12489995996796796	0.5939641834192895	노마스크 춤파티 ....  코로나  확진자  증가 당연한거 아닌가?  젊은 사람들 호텔서 풀파티  한다는 소리에  욕 나왔는데...  저것들은 학부모 들이 것네? 생각좀하자
53	54	0.0	0.0	0.2590612360810924	0.7658328799418317	1.0248941160229241	국가는 책임지지않습니다ㅎㅎ이번에 어디탓할까요??
54	55	0.0	0.0	0.0	0.6280127387243033	0.6280127387243033	신천지나 광화문처럼 이제 어디 덮어 씌울때도 없고 ..
55	56	0.0	0.0	0.4990277423578873	0.11224972160321824	0.6112774639611056	확진자 대비 치사율.. 그게 궁금하다니까
56	57	0.0	0.0	0.35829928604223926	0.6749814812274483	1.0332807672696875	미개한 것들아 제발 코로나19를 우습게 보지마라 !!
57	58	0.0	0.0	0.0	0.8083316151184488	0.8083316151184488	무섭다
58	59	0.0	0.0	0.30313256168996305	0.7690903718029501	1.0722229334929132	이번년도까지 3단계가자좀
59	60	0.0	0.0	0.2414767739336488	0.36728735344413915	0.608764127377788	이틀째 500명 이상이면.. 재앙이네 재앙이야.
60	61	0.0	0.0	0.40903296344268536	0.5713142742834281	0.9803472377261134	은경아 숫자 관리 잘해라. 통계청장 목 잘 린 것 잘 알잖니. 관리하는 게 이 숫자냐?
61	62	0.0	0.0	0.0	0.7360706487831178	0.7360706487831178	안끝난다 이제 시작
62	63	0.0	0.0	0.7197346858516811	0.7552483035399683	1.4749829893916493	정치코로나제발그만좀해라 재인아...
63	64	0.0	0.0	0.41537103288299954	0.38262252939417984	0.7979935622771794	해외  유입 꾸준한데  .. 입국하자 마자 지정격리 안하고  스스로 집  까지 가게하고  자가격리 , 그러고도   방역이냐? 미친 것들
64	65	0.0	0.0	0.3982773254208104	0.38366652186501754	0.781943847285828	대구 봉쇄하자는 사람들 어디? 대구만 0명이네
65	66	0.0	0.0	0.3982773254208104	0.3781534080237808	0.7764307334445912	대구 봉쇄하자는 사람들 어디? 대구만 0명이네
66	67	0.0	0.0	0.22589663959256898	0.35327043465311386	0.5791670742456828	이것이 K방역이 얼마나 허점이 많은지 적나라하게 보여지는 것이다!!!!!!
67	68	0.0	0.0	0.4277404653427135	0.7469939758793239	1.1747344412220375	3단계 바로가나요~~
68	69	0.0	0.0	0.25163420042857365	0.6652067347825036	0.9168409352110772	1주일이라도 단계높여서 시행해야한다  이러다 다죽을수도있지ㅠ
69	70	0.0	0.0	0.35879753840857437	0.09486832980505137	0.45366586821362576	지금까지  매주 수만명 관광객이 와도 동선겹친자들 음성판정받고 나름 청정지역이었던 여수가 조금씩 확진자 나온거보면전국적 대유행 맞다
70	71	0.0	0.0	0.24805610530366987	0.6639277069079133	0.9119838122115831	담주 월욜부터 한달간 3단계 가자~
71	72	0.0	0.0	0.8433803354448598	0.6624952830020754	1.505875618446935	ㅋㅋㅋㅋ이게 케이 방역인 거죠??ㅋㅋㄱㅋㅋㅋㅋ
72	73	0.0	0.0	0.3691959885651977	0.6216108107168021	0.9908067992819998	지금 3단계해서 잡아야지... 시간 끌다가 다 태워먹는다ㅡㅡ
73	74	0.0	0.0	0.30021510656967715	0.2197726097583591	0.5199877163280362	코로나 위기 속 민노총  파업 수수방관하는 정부여당은 자기 배만 불리며 땅투기 집투기로 자기 배만 불리고 있다. 민주주의의 탈을 쓴 도적떼들!
74	75	0.0	0.0	0.0	0.6917369442208505	0.6917369442208505	민주당이새기들아 문씨 탄핵가즈아
75	76	0.0	0.0	0.0	0.5644466316668034	0.5644466316668034	문화쿠폰 뿌릴때부터 알아봣다 세금을 공중에 뿌리는 개 상넘들
76	77	0.0	0.0	0.0	0.7058328414008518	0.7058328414008518	약나오기전까지 힘들겠다
77	78	0.0	0.0	0.2933908754285641	0.23065125189341593	0.5240421273219801	코로나 잡는다고 쇼하고 자영업만 폭망이다 종부세 올려 세금은 늘고 국가는 국민 피빨고 그래도 민주당 편들고 자빠졌다 모지리들
78	79	0.0	0.0	0.3451363775656214	0.47286361670147553	0.8179999942670969	좌파쓰레기정권!!!코로나로 실컷 국민들 이용해먹고 민노총집회는 모른척하고 광화문집회는  살인자취급하고 ㅠㅠ
79	80	0.0	0.0	0.8112463941909218	0.6699253689777691	1.481171763168691	해외 유입좀 막아줘요
80	81	0.0	0.0	0.25120293684841066	0.29154759474226505	0.5427505315906758	공포라는 말은 아니지?무슨 대재앙 온것처럼 ..차차 줄어들거라 생각합니다.무능력 정부  꺼지고 방역은 오히려 국민들이 하고있네요..모두 힘내세요
81	82	0.0	0.0	0.6645247022150258	0.19390719429665315	0.858431896511679	삼성다니는데 코로나 확진자 생겼다 3단계로 올려라 ㅡㅡ
82	83	0.0	0.0	0.13086090291785638	0.47476309881876877	0.6056240017366251	문재앙이 이 처죽일새끼야!! 나라가 이지경까지왔는데 니놈이 지금 짱깨새끼들 만나서 처웃고있을때야!!
83	84	0.0	0.0	0.0	0.4270831300812525	0.4270831300812525	민노총을 가리기위해 이런저런 쿠폰을 막 뿌려대서 시민들 탓으로 돌리는 참 무능하고 안타까운 정권
84	85	0.0	0.0	0.27288802880924556	0.4281354925721529	0.7010235213813985	이참에 최고단계로 격상하자 어짜피 이리되나 힘든건 마찬가지인데 얼랑뚱땅 넘어갈려고 하지 말고...
85	86	0.0	0.0	0.23190326681527007	0.1174734012447073	0.34937666805997736	진심 집회 안막고 검토 몇주하고 등교 유지에 거리두기 강화 안해서 그럼 뭔 200명이 넘어가고 집회허락하고미쳤나 안그래도 위험한ㄷ 이시국에 집회 ㄱ같은 소리하네 등교랑 거리두기는 빨ㄹ 해야지 학생들 ㅈㄴ 걸리고 교사 걸리고 꼬리 물기하잔아 지금 불쌍 수능생들 봐라 시험도 못보고 걸리고 아파서 고생만 하네 진심 중요한 시험이 있는데 쳐 집회하냐 에휴 개만도 못해 ㅡ
86	87	0.0	0.0	0.33005761925739274	0.1341640786499874	0.4642216979073801	짱깨들 막지도 않고 의료진의 희생과 국민들이 마스크 열심히 쓰면서 노력해서  획진자 줄여 놓으니 전화들고 k방역 어쩌구 자화자찬 드럽게 하드만 쿠폰이나 뿌려대고 이 사단이 날줄 알았다.근데 어쩌나 이번 확진은 교회도 아니고 태극기도 아닌 민노총 인데..주딩이 꼬맸냐? 말이 없냐?
87	88	0.0	0.0	0.24915128107166207	0.5138093031466052	0.7629605842182673	3단계 바로 안가면 무고한 국민들 죽게 됩니다.
88	89	0.0	0.0	0.0	0.5486346689738081	0.5486346689738081	이제 안전한 곳은 집 외엔 없다는거 느낍니다
89	90	0.0	0.0	0.8378134077068156	0.6113918547053109	1.4492052624121263	역시 k방역!!! 훠훠훠
90	91	0.0	0.0	0.0	0.624099351065197	0.624099351065197	민노총 책임져라!
91	92	0.0	0.0	0.26741612838287115	0.4560701700396552	0.7234862984225263	민노총  집회허용  때문에  국민들 안이해져서  틀렸어  정부가  망치는군
92	93	0.0	0.0	0.27055948184390827	0.24186773244895649	0.5124272142928648	공무원 기초스급자 국가지원금이나 연금대상자는 재외시카고 건강보험 최저내는가구 하고6개월이상 소득없는가구 일인가구 추려서하위 30 프로에 긴급지원 100만원씩 3개월을 지급해줘라 겨울을 나야하잖아
93	94	0.2559580248098155	0.0	0.0	0.60398675482166	0.8599447796314754	생각보다 적네요
94	95	0.0	0.0	0.2718159433719396	0.2720294101747089	0.5438453535466485	코로나를 비롯해 부동산, 의료, 종교 등 왠밀한 사안들을 모두 정치적인 영역으로 끌어들여 보도하는 형태를 취한 언론인들의 책임이 크다.
95	96	0.0	0.10878678695110447	0.0	0.5692099788303083	0.6779967657814128	정은경본부장도 내려와 이제ㅋㅋ
96	97	0.0	0.10878678695110447	0.36358077724421684	0.11832159566199232	0.5906891598573136	서울수도권은 대체  왜그러는지 참 이해가안되네..지금은법적으로 마스크도하고 방역지침이강화됐음에도불구하고 계속늘어난다는것은 분명수도권지역에 문제가많다는것이다!!대구는오늘0명이 나왔다는데...수도권3단계격상을빨리하시오!!더이상 확진자가 안나오게 불안합니다!!
97	98	0.0	0.10878678695110447	0.0	0.5916079783099616	0.700394765261066	南韩是共产党。
98	99	0.0	0.10878678695110447	0.32324165099344226	0.10392304845413264	0.5359514863986794	코로나 확진자랑 무조건 최대한 멀리 떨어지세요. 코로나바이러스 완치없습니다. 돌연변이가 아주 빠른 바이러스입니다. 후각상실, 미각상실, 혈전, 당뇨, 탈모, 폐, 뇌, 피부, 혈관감염, 브레인포그(머리가 안개낀것처럼 멍한상태로 사고를 명확하게 못하는 상태또는증상), 남성의 경우 고환염, 심근염등 심장질환.
99	100	0.0	0.10878678695110447	0.19972023354647553	0.18439088914585774	0.4928979096434377	어디가서 우리나라 시민의식 수준급이라고 하지말자.. 그렇게 모이지말라고 했는데 굳이 놀러나가는 사람들 정말 생각이 있는건지 없는건지 모르겠다 이래놓고 집에가서 어휴 방역실패네 문재앙 문재앙하겠지뭐..
100	101	0.40568387108221293	0.5534487362327614	0.6606704201870516	0.4182104733265297	2.038013500828556	K방역 화이팅   문재인  민주당에 감사드립니다.코로나 대응 잘  해서
